{
  "Workflows": [
    {
      "Path": null,
      "SortBy": 0,
      "VariablesSectionElementsOrder": null,
      "ArgumentsSectionElementsOrder": null,
      "ConstantsSectionElementsOrder": null,
      "AddedNamespaces": null
    },
    {
      "Path": "Main Pause Patrol.xaml",
      "SortBy": 0,
      "VariablesSectionElementsOrder": [
        "CurrentScreenTime&Sequence_1",
        "CurrentWorkload&Sequence_1",
        "BreakReminderTriggered&Sequence_1",
        "YouTubeActive&Sequence_1"
      ],
      "ArgumentsSectionElementsOrder": [],
      "ConstantsSectionElementsOrder": [],
      "AddedNamespaces": null
    }
  ]
}