{
  "assemblyStates": {
    "C47293E59D0_v2_sub_g.foq3d4bmiI1EzkXt3434ge1": {
      "namespace": "UiPath.IntegrationService.Activities.SWEntities.C47293E59D0_v2_sub_generateChatCompletion_Create.Bundle",
      "providerName": "CustomEntities",
      "key": {
        "name": "UiPath.IntegrationService.Activities.SWEntities.C47293E59D0_v2_sub_generateChatCompletion_Create",
        "hash": "WURZQ0EydURWdHVvSVJpeXlsS2RvRGlMeDdnNncxUGI5N05EQlIzRzg5TFNBaHpJNjdvb2d2NDU4eHN2R3l6YWsxWDFodEJ3Y1BETGlmVUtSckFrRFE9PQ",
        "assemblyName": "C47293E59D0_v2_sub_g.foq3d4bmiI1EzkXt3434ge1"
      }
    }
  }
}